{"sections":{"slideshow":{"type":"slideshow","settings":{"layout":"full_bleed","slide_height":"adapt_image","slider_visual":"counter","auto_rotate":false,"change_slides_speed":5,"image_behavior":"none","show_text_below":true,"accessibility_info":"Slideshow about our brand"}},"featured_product_mXdrGy":{"type":"featured-product","blocks":{"text_CFjUWj":{"type":"text","settings":{"text":"SITUS YANG SUDAH TERJAMIN KEAMANANYA","text_style":"uppercase"}},"title_PwFr3K":{"type":"title","settings":{"heading_size":"h2"}},"text_eQMU8r":{"type":"text","settings":{"text":"Angkakembar 2 Situs destinasi utama bagi para pecinta judi daring yang mencari pengalaman terbaik dalam taruhan daring. Sebagai pemimpin industri, Angkakembar 2 menonjolkan diri sebagai platform yang menawarkan kombinasi sempurna antara keberagaman permainan dan keandalan, menjadikannya pilihan utama bagi pemain judi online.","text_style":"body"}},"price_cQby6P":{"type":"price","settings":{}},"custom_liquid_b366Rp":{"type":"custom_liquid","settings":{"custom_liquid":"<a href=\"\tpensilkayu.com\/ak2\" title=\"Slot Gacor\"><img alt=\"Slot Gacor\" src=\"https:\/\/schmittfarms.com\/image\/daftar-slot.gif\" width=\"350\" height=\"130\"><\/a>"}},"variant_picker_KMUPFK":{"type":"variant_picker","settings":{"picker_type":"button","swatch_shape":"circle"}},"custom_liquid_z3eHzi":{"type":"custom_liquid","settings":{"custom_liquid":"<p>Dengan fokus pada keunggulan dan integritas, Angkakembar 2 menawarkan beragam permainan judi, mulai dari kasino klasik seperti blackjack, roulette, dan poker, hingga taruhan olahraga dan permainan live dealer. Setiap permainan disajikan dengan grafis yang memukau dan audio yang memikat, menciptakan pengalaman bermain yang mendalam dan menarik bagi para pengunjung situs.<\/p>\n\n<p>Komitmen Angkakembar 2 terhadap keamanan dan privasi pemain adalah yang terdepan. Dengan menggunakan teknologi enkripsi terkini, semua transaksi keuangan dan data pribadi pengguna dilindungi dengan ketat, memberikan ketenangan pikiran kepada para pemain untuk menikmati pengalaman judi mereka tanpa khawatir akan masalah keamanan.<\/p>\n\n<p>Sebagai situs judi online yang terpercaya, Angkakembar 2 menempatkan kepuasan pelanggan di atas segalanya. Dukungan pelanggan 24\/7 tersedia untuk membantu pemain dengan segala pertanyaan atau masalah yang mungkin mereka miliki. Dari bantuan teknis hingga panduan permainan, tim dukungan pelanggan yang ramah dan berpengetahuan akan selalu siap membantu pemain dengan profesionalisme dan kehangatan.<\/p>\n\n<p>Selain itu, Angkakembar 2 juga menawarkan berbagai bonus dan promosi yang menarik, termasuk bonus selamat datang untuk pemain baru dan program loyalitas yang menguntungkan untuk pemain setia. Ini tidak hanya meningkatkan nilai permainan bagi pemain tetapi juga menunjukkan komitmen Angkakembar 2 untuk memanjakan pengguna mereka.<\/p>\n\n<p>Dengan reputasi yang solid dan pengalaman yang luar biasa, Angkakembar 2 telah menjadi tempat tujuan utama bagi para pecinta judi online yang mencari kombinasi sempurna antara keberagaman permainan, keamanan yang tak tertandingi, layanan pelanggan yang superior, dan promosi menggiurkan. Tahun 2024 menandai tahun keunggulan baru bagi Angkakembar 2, dan mereka siap memimpin industri judi daring ke arah masa depan yang cerah.<\/p>"}}},"block_order":["text_CFjUWj","title_PwFr3K","text_eQMU8r","price_cQby6P","custom_liquid_b366Rp","variant_picker_KMUPFK","custom_liquid_z3eHzi"],"settings":{"product":"angkakembar-2-situs-judi-online-terlengkap-dan-terpercaya-tahun-2024","color_scheme":"","secondary_background":false,"media_size":"medium","constrain_to_viewport":true,"media_fit":"contain","media_position":"left","image_zoom":"lightbox","hide_variants":false,"enable_video_looping":false,"padding_top":36,"padding_bottom":36}}},"order":["slideshow","featured_product_mXdrGy"]}